Name,LastTX TimeStamp,Latitude,Longitude,SOG,COG
MGO190082,31-10-2025 22:36,-2.606167,9.394,0.5,314.5
MGO196968,31-10-2025 21:07,-6.263,10.2075,0.5,171.9
MGO198870,31-10-2025 23:04,-3.967667,9.713167,0,341.6
MGO198882,31-10-2025 22:44,-2.823667,9.5995,0.3,329.3
MGO199106,31-10-2025 20:02,-3.268,10.244833,0,63.4
MGO199125,31-10-2025 20:56,-5.381667,10.919833,0.2,123.6
MGO176255,31-10-2025 23:08,-2.5615,8.564667,0.5,292.9
MGO176263,31-10-2025 23:16,-5.1585,9.741,0.5,86.7
MGO176349,28-10-2025 11:09,-2.531833,9.53,0.2,331
MGO176384,31-10-2025 23:17,-3.3315,7.849,0.2,256.8
MGO176391,31-10-2025 23:17,-4.150667,7.907667,0.1,125.8
MGO176462,31-10-2025 23:04,-3.853,8.772667,0,5.7
MGO176467,31-10-2025 23:10,-5.087333,10.219167,0.4,123.6
MGO176470,31-10-2025 21:39,-4.787833,8.582167,0.3,117.5
MGO176595,31-10-2025 22:44,-4.5575,10.208833,0.3,119.6
MGO176526,31-10-2025 23:17,-5.078667,8.758667,0.3,110.3
MGO176608,31-10-2025 21:56,-5.660333,10.786333,0.2,167.3
MGO176724,31-10-2025 23:12,-3.4315,7.288167,0.2,328.5
MGO177429,31-10-2025 23:22,-3.275333,8.342,0.7,7.1
MGO174216,31-10-2025 20:58,-5.4295,9.310333,0.4,92.4
MGO174828,31-10-2025 22:06,-4.775167,9.765,0.3,95.6
MGO174809,31-10-2025 21:13,-3.371833,7.312,0.2,326.7
MGO174812,31-10-2025 21:12,-5.110167,10.987167,0.2,116.1
MGO174816,31-10-2025 22:26,-4.332667,10.481333,0.8,4.6
MGO174817,31-10-2025 22:41,-3.2325,10.1125,0.1,329.8
MGO178918,31-10-2025 23:11,-2.341667,9.410833,0,90
MGO178967,19-09-2025 16:06,-3.630833,8.563667,12,303
MGO178970,19-09-2025 14:37,-3.7925,8.812833,0.5,160.7
MGO178982,31-10-2025 22:00,-3.215833,10.286,0.5,319.8
MGO179041,31-10-2025 05:04,-2.5465,9.436833,0.3,325.2
MGO179119,31-10-2025 23:46,-2.424333,9.290333,0,180
MGO133361,31-10-2025 20:13,-5.198667,9.754167,0.5,110.2
MGO133427,31-10-2025 21:50,-5.425,9.535833,0.6,94.1
MGO133435,31-10-2025 22:11,-4.619667,10.362833,0.3,124.1
MGO133352,31-10-2025 21:23,-1.987667,8.071333,1.1,317.3
MGO133384,31-10-2025 19:54,-6.3335,10.329167,0.5,161.3
MGO183921,31-10-2025 21:02,-6.019667,10.818667,0.3,178.3
MGO184110,31-10-2025 23:19,-4.268,9.587167,0.2,118
MGO184082,31-10-2025 23:27,-4.784667,8.402167,0.3,66.1
MGO184177,31-10-2025 23:25,-3.896833,10.884833,0,135
MGO184179,31-10-2025 21:04,-3.431667,10.212,0.2,3.5
MGO184186,31-10-2025 22:58,-5.616,10.713167,0.6,145.2
MGO184199,31-10-2025 22:45,-4.524833,10.649667,0.4,83.8
MGO184301,31-10-2025 23:20,-3.923,9.581833,0.2,115.6
MGO184222,31-10-2025 21:05,-3.918333,10.868833,0,270
MGO184291,31-10-2025 21:05,-2.421,8.202167,0.7,315.9
MGO184369,31-10-2025 21:07,-5.694833,10.5045,0.4,142.7
MGO184371,31-10-2025 21:45,-4.524167,9.715667,0.3,119.6
SLX+527020,04-11-2025 06:50,-2.14738,8.19758,0,0
SLX+527021,04-11-2025 14:45,-2.9241,8.18183,0.32,217
SLX+544211,04-11-2025 07:35,-3.82738,8.398,0.17,211
SLX+544568,04-11-2025 12:27,-1.93658,7.65118,0.76,180
SLX+544747,04-11-2025 15:05,-2.14352,8.11737,0.71,178
SLX+514636,04-11-2025 09:49,-5.45807,8.33238,0.25,159
MGO190082,31-10-2025 22:36,-2.606167,9.394,0.5,314.5
MGO196968,31-10-2025 21:07,-6.263,10.2075,0.5,171.9
MGO198870,31-10-2025 23:04,-3.967667,9.713167,0,341.6
MGO198882,31-10-2025 22:44,-2.823667,9.5995,0.3,329.3
MGO199106,31-10-2025 20:02,-3.268,10.244833,0,63.4
MGO199125,31-10-2025 20:56,-5.381667,10.919833,0.2,123.6
MGO176255,31-10-2025 23:08,-2.5615,8.564667,0.5,292.9
MGO176263,31-10-2025 23:16,-5.1585,9.741,0.5,86.7
MGO176349,28-10-2025 11:09,-2.531833,9.53,0.2,331
MGO176384,31-10-2025 23:17,-3.3315,7.849,0.2,256.8
MGO176391,31-10-2025 23:17,-4.150667,7.907667,0.1,125.8
MGO176462,31-10-2025 23:04,-3.853,8.772667,0,5.7
MGO176467,31-10-2025 23:10,-5.087333,10.219167,0.4,123.6
MGO176470,31-10-2025 21:39,-4.787833,8.582167,0.3,117.5
MGO176595,31-10-2025 22:44,-4.5575,10.208833,0.3,119.6
MGO176526,31-10-2025 23:17,-5.078667,8.758667,0.3,110.3
MGO176608,31-10-2025 21:56,-5.660333,10.786333,0.2,167.3
MGO176724,31-10-2025 23:12,-3.4315,7.288167,0.2,328.5
MGO177429,31-10-2025 23:22,-3.275333,8.342,0.7,7.1
MGO174216,31-10-2025 20:58,-5.4295,9.310333,0.4,92.4
MGO174828,31-10-2025 22:06,-4.775167,9.765,0.3,95.6
MGO174809,31-10-2025 21:13,-3.371833,7.312,0.2,326.7
MGO174812,31-10-2025 21:12,-5.110167,10.987167,0.2,116.1
MGO174816,31-10-2025 22:26,-4.332667,10.481333,0.8,4.6
MGO174817,31-10-2025 22:41,-3.2325,10.1125,0.1,329.8
MGO178918,31-10-2025 23:11,-2.341667,9.410833,0,90
MGO178967,19-09-2025 16:06,-3.630833,8.563667,12,303
MGO178970,19-09-2025 14:37,-3.7925,8.812833,0.5,160.7
MGO178982,31-10-2025 22:00,-3.215833,10.286,0.5,319.8
MGO179041,31-10-2025 05:04,-2.5465,9.436833,0.3,325.2
MGO179119,31-10-2025 23:46,-2.424333,9.290333,0,180
MGO133361,31-10-2025 20:13,-5.198667,9.754167,0.5,110.2
MGO133427,31-10-2025 21:50,-5.425,9.535833,0.6,94.1
MGO133435,31-10-2025 22:11,-4.619667,10.362833,0.3,124.1
MGO133352,31-10-2025 21:23,-1.987667,8.071333,1.1,317.3
MGO133384,31-10-2025 19:54,-6.3335,10.329167,0.5,161.3
MGO183921,31-10-2025 21:02,-6.019667,10.818667,0.3,178.3
MGO184110,31-10-2025 23:19,-4.268,9.587167,0.2,118
MGO184082,31-10-2025 23:27,-4.784667,8.402167,0.3,66.1
MGO184177,31-10-2025 23:25,-3.896833,10.884833,0,135
MGO184179,31-10-2025 21:04,-3.431667,10.212,0.2,3.5
MGO184186,31-10-2025 22:58,-5.616,10.713167,0.6,145.2
MGO184199,31-10-2025 22:45,-4.524833,10.649667,0.4,83.8
MGO184301,31-10-2025 23:20,-3.923,9.581833,0.2,115.6
MGO184222,31-10-2025 21:05,-3.918333,10.868833,0,270
MGO184291,31-10-2025 21:05,-2.421,8.202167,0.7,315.9
MGO184369,31-10-2025 21:07,-5.694833,10.5045,0.4,142.7
MGO184371,31-10-2025 21:45,-4.524167,9.715667,0.3,119.6
MGO199106,01-11-2025 00:01,-3.268167,10.2445,0,243.4
MGO133361,01-11-2025 00:13,-5.203,9.803333,0.7,95.1
MGO133384,31-10-2025 23:54,-6.363,10.3315,0.4,175.5
MGO174809,01-11-2025 01:12,-3.365667,7.308,0.1,327.1
MGO174812,01-11-2025 01:13,-5.116,10.998167,0.2,118.7
MGO133352,01-11-2025 01:23,-1.9285,8.044333,1,335.5
MGO174216,01-11-2025 00:58,-5.423667,9.342167,0.5,79.6
MGO183921,01-11-2025 01:03,-6.0445,10.818,0.4,181.5
MGO184179,01-11-2025 01:04,-3.4115,10.206167,0.3,343.9
MGO184222,01-11-2025 01:05,-3.918667,10.868833,0,180
MGO184291,01-11-2025 01:05,-2.387833,8.172833,0.7,318.5
MGO184369,01-11-2025 01:07,-5.7155,10.515833,0.4,151.4
MGO184371,01-11-2025 01:46,-4.520833,9.734833,0.3,80.1
MGO176470,01-11-2025 01:40,-4.784167,8.605333,0.4,81
MGO196968,01-11-2025 01:07,-6.295,10.214167,0.5,168.3
MGO199125,01-11-2025 00:57,-5.389333,10.924333,0.1,149.7
MGO190082,01-11-2025 02:36,-2.5815,9.366,0.6,311.4
MGO198882,01-11-2025 02:43,-2.809333,9.586,0.3,316.4
MGO178982,01-11-2025 02:00,-3.187,10.251333,0.7,309.8
MGO184199,01-11-2025 02:45,-4.522167,10.666833,0.3,81.7
MGO133427,01-11-2025 01:53,-5.427333,9.569167,0.5,94
MGO133435,01-11-2025 02:11,-4.6245,10.38,0.3,105.8
MGO174828,01-11-2025 02:06,-4.772167,9.785833,0.3,81.8
MGO174816,01-11-2025 02:26,-4.2895,10.470667,0.7,346.2
MGO174817,01-11-2025 02:41,-3.220667,10.102833,0.2,320.8
MGO176595,01-11-2025 02:45,-4.5625,10.226333,0.3,106
MGO176608,01-11-2025 01:58,-5.677667,10.795167,0.3,153.1
MGO184110,01-11-2025 03:19,-4.268167,9.598167,0.2,91.7
MGO184082,01-11-2025 03:27,-4.773667,8.414667,0.3,48.6
MGO184177,01-11-2025 03:25,-3.896667,10.885,0,45
MGO184186,01-11-2025 02:58,-5.643667,10.738167,0.6,138
MGO184301,01-11-2025 03:21,-3.928667,9.5915,0.2,120.4
MGO198870,01-11-2025 03:04,-3.965667,9.710167,0.1,303.7
MGO176255,01-11-2025 03:07,-2.545833,8.541,0.4,303.5
MGO176263,01-11-2025 03:16,-5.1575,9.761,0.3,87.1
MGO176384,01-11-2025 03:17,-3.333833,7.840333,0.1,254.9
MGO176391,01-11-2025 03:16,-4.1525,7.9135,0.1,107.5
MGO176462,01-11-2025 03:04,-3.847167,8.770333,0.1,338.2
MGO176467,01-11-2025 03:10,-5.100833,10.234833,0.3,131.2
MGO176526,01-11-2025 03:17,-5.0745,8.7905,0.5,82.6
MGO176724,01-11-2025 03:12,-3.435,7.272833,0.2,257.1
MGO177429,01-11-2025 03:22,-3.2215,8.335,0.8,352.6
MGO178918,01-11-2025 03:09,-2.341667,9.411,0,90
MGO179119,01-11-2025 03:47,-2.424333,9.290333,0,0
MGO133361,01-11-2025 04:12,-5.206167,9.835333,0.5,95.7
MGO133384,01-11-2025 03:55,-6.3925,10.331667,0.4,179.4
MGO199106,01-11-2025 04:01,-3.268,10.244667,0,45
MGO174216,01-11-2025 04:58,-5.421167,9.369833,0.4,84.8
MGO133352,01-11-2025 05:23,-1.876833,7.996833,1.1,317.4
MGO183921,01-11-2025 05:02,-6.065,10.823667,0.3,164.6
MGO184179,01-11-2025 05:04,-3.400333,10.195667,0.2,316.8
MGO184222,01-11-2025 05:05,-3.9185,10.868833,0,0
MGO184291,01-11-2025 05:05,-2.3555,8.145333,0.6,319.5
MGO184369,01-11-2025 05:07,-5.731333,10.524,0.3,152.8
MGO184371,01-11-2025 05:46,-4.521667,9.747167,0.2,93.8
MGO176470,01-11-2025 05:39,-4.7715,8.6135,0.2,32.7
MGO174809,01-11-2025 05:12,-3.366333,7.297667,0.2,266.3
MGO174812,01-11-2025 05:12,-5.116,11.011833,0.2,90
MGO196968,01-11-2025 05:07,-6.3315,10.229,0.6,158
MGO199125,01-11-2025 04:57,-5.401833,10.932167,0.2,147.5
MGO190082,01-11-2025 06:36,-2.564167,9.336,0.5,300
MGO198882,01-11-2025 06:43,-2.7985,9.5745,0.2,313.3
MGO178982,01-11-2025 06:00,-3.167667,10.222833,0.5,304
MGO184199,01-11-2025 06:45,-4.530167,10.672333,0.1,144.8
MGO133427,01-11-2025 05:51,-5.423667,9.613,0.7,85.2
MGO133435,01-11-2025 06:11,-4.623167,10.396333,0.2,85.3
MGO174828,01-11-2025 06:06,-4.771167,9.789,0,72.4
MGO174816,01-11-2025 06:26,-4.241667,10.461,0.7,348.6
MGO174817,01-11-2025 06:40,-3.211,10.094333,0.2,318.7
MGO176595,01-11-2025 06:44,-4.567833,10.237167,0.2,116.3
MGO176608,01-11-2025 05:56,-5.694333,10.802667,0.3,155.9
MGO184110,01-11-2025 07:19,-4.2675,9.6025,0.1,81.2
MGO184082,01-11-2025 07:27,-4.758,8.431167,0.3,46.7
MGO184177,01-11-2025 07:24,-3.896833,10.885,0,180
MGO184186,01-11-2025 06:58,-5.663,10.753,0.4,142.3
MGO184301,01-11-2025 07:20,-3.929,9.603333,0.2,91.6
MGO198870,01-11-2025 07:04,-3.954167,9.713833,0.2,17.6
MGO176255,01-11-2025 07:07,-2.533333,8.538,0.2,346.5
MGO176263,01-11-2025 07:16,-5.161333,9.7765,0.2,103.9
MGO176384,01-11-2025 07:17,-3.338667,7.831,0.2,242.6
MGO176391,01-11-2025 07:16,-4.159,7.921333,0.2,129.8
MGO176462,01-11-2025 07:04,-3.846333,8.767333,0,285.6
MGO176467,01-11-2025 07:10,-5.11,10.246,0.2,129.5
MGO176526,01-11-2025 07:17,-5.073167,8.817833,0.4,87.2
MGO176724,01-11-2025 07:13,-3.4365,7.255833,0.3,264.9
MGO177429,01-11-2025 07:22,-3.194667,8.337333,0.4,5
MGO178918,01-11-2025 07:06,-2.341667,9.411,0,0
MGO179119,01-11-2025 07:46,-2.424167,9.290667,0,63.4
MGO199106,01-11-2025 08:04,-3.268,10.2445,0,270
MGO133361,01-11-2025 08:13,-5.21,9.862667,0.4,98
MGO133384,01-11-2025 07:55,-6.419,10.341667,0.4,159.4
MGO174216,01-11-2025 08:58,-5.418667,9.392667,0.3,83.7
MGO174809,01-11-2025 09:12,-3.364,7.286333,0.2,280.8
MGO174812,01-11-2025 09:13,-5.113167,11.018,0.1,65.8
MGO133352,01-11-2025 09:23,-1.845833,7.958833,0.7,309.1
MGO183921,01-11-2025 09:02,-6.0905,10.826333,0.4,174.1
MGO184179,01-11-2025 09:04,-3.385667,10.187167,0.3,329.9
MGO184222,01-11-2025 09:07,-3.918667,10.869167,0,116.7
MGO184291,01-11-2025 09:05,-2.317,8.123167,0.7,330.1
MGO184369,01-11-2025 09:06,-5.7505,10.536167,0.3,147.7
MGO184371,01-11-2025 09:45,-4.523333,9.757167,0.2,99.5
MGO176470,01-11-2025 09:39,-4.763833,8.624333,0.2,55.6
MGO196968,01-11-2025 09:07,-6.3585,10.2405,0.4,157.1
MGO199125,01-11-2025 08:58,-5.403333,10.945333,0.2,97.2
MGO178982,01-11-2025 10:00,-3.130333,10.189833,0.7,318.6
MGO184199,01-11-2025 10:45,-4.521667,10.689667,0.3,63.8
MGO133427,01-11-2025 09:51,-5.4175,9.654333,0.6,81.5
MGO133435,01-11-2025 10:11,-4.621,10.403167,0.1,72.4
MGO190082,01-11-2025 10:36,-2.540833,9.314,0.5,316.7
MGO198882,01-11-2025 10:43,-2.783833,9.563333,0.3,322.7
MGO176595,01-11-2025 10:44,-4.568167,10.249833,0.2,91.5
MGO176608,01-11-2025 09:56,-5.716833,10.8045,0.3,174.9
MGO174828,01-11-2025 10:06,-4.764167,9.799833,0.2,57
MGO174816,01-11-2025 10:26,-4.185667,10.447667,0.9,346.6
MGO174817,01-11-2025 10:40,-3.211,10.094333,0,0
MGO178918,01-11-2025 11:07,-2.341667,9.411,0,0
MGO179119,01-11-2025 11:48,-2.424167,9.290167,0,270
MGO198870,01-11-2025 11:04,-3.948833,9.711,0.1,332.1
MGO184110,01-11-2025 11:19,-4.2755,9.601,0.1,190.6
MGO184082,01-11-2025 11:27,-4.746,8.4415,0.2,40.6
MGO184177,01-11-2025 11:24,-3.896833,10.885,0,0
MGO184186,01-11-2025 10:58,-5.686,10.766167,0.4,150.3
MGO184301,01-11-2025 11:20,-3.927,9.608,0.1,66.8
MGO176255,01-11-2025 11:07,-2.522,8.526,0.2,313
MGO176263,01-11-2025 11:16,-5.159333,9.800833,0.4,85.3
MGO176384,01-11-2025 11:17,-3.346833,7.817333,0.2,239.1
MGO176391,01-11-2025 11:16,-4.153833,7.9315,0.2,63
MGO176462,01-11-2025 11:04,-3.846,8.777167,0.1,88.1
MGO176467,01-11-2025 11:10,-5.119167,10.2655,0.3,115.3
MGO176526,01-11-2025 11:17,-5.067833,8.829167,0.2,65
MGO176724,01-11-2025 11:12,-3.442167,7.244333,0.2,243.7
MGO177429,01-11-2025 11:22,-3.170833,8.336167,0.4,357.2
MGO133361,01-11-2025 12:13,-5.205833,9.889833,0.4,81.2
MGO133384,01-11-2025 11:54,-6.4485,10.341333,0.4,180.6
MGO199106,01-11-2025 12:01,-3.268167,10.244333,0,225
MGO176470,01-11-2025 13:40,-4.757667,8.6445,0.3,72.9
MGO174809,01-11-2025 13:12,-3.3695,7.281667,0.1,220.3
MGO174812,01-11-2025 13:12,-5.119333,11.0255,0.1,129.5
MGO174216,01-11-2025 12:58,-5.410333,9.416667,0.4,70.8
MGO183921,01-11-2025 13:03,-6.105,10.8315,0.2,160.5
MGO184179,01-11-2025 13:05,-3.360833,10.1735,0.4,331.2
MGO184222,01-11-2025 13:05,-3.918667,10.868833,0,270
MGO184291,01-11-2025 13:05,-2.267,8.104667,0.8,339.9
MGO184369,01-11-2025 13:06,-5.770667,10.545167,0.3,156.1
MGO184371,01-11-2025 13:46,-4.514,9.764833,0.2,39.3
MGO196968,01-11-2025 13:07,-6.380833,10.246833,0.3,164.3
MGO199125,01-11-2025 12:57,-5.397,10.949333,0.1,32.2
MGO133352,01-11-2025 13:23,-1.811333,7.935333,0.6,325.8
MGO178982,01-11-2025 14:00,-3.099667,10.1515,0.7,308.8
MGO184199,01-11-2025 14:45,-4.512833,10.698833,0.2,46
MGO133427,01-11-2025 13:51,-5.4145,9.680833,0.4,83.5
MGO133435,01-11-2025 14:11,-4.62,10.4045,0,53
MGO174828,01-11-2025 14:06,-4.7545,9.811167,0.2,49.4
MGO174816,01-11-2025 14:26,-4.129,10.4245,0.9,337.8
MGO174817,01-11-2025 14:41,-3.209333,10.093,0,321.4
MGO176595,01-11-2025 14:45,-4.567167,10.257333,0.1,82.4
MGO176608,01-11-2025 13:56,-5.736833,10.8125,0.3,158.3
MGO190082,01-11-2025 14:36,-2.512167,9.2865,0.6,316.2
MGO198882,01-11-2025 14:45,-2.769333,9.547667,0.3,312.8
MGO198870,01-11-2025 15:04,-3.948667,9.689667,0.3,270.4
MGO184110,01-11-2025 15:19,-4.2705,9.601,0.1,0
MGO184082,01-11-2025 15:27,-4.737,8.440333,0.1,352.6
MGO184177,01-11-2025 15:25,-3.897,10.884667,0,243.4
MGO184186,01-11-2025 14:58,-5.702333,10.780333,0.3,139.2
MGO184301,01-11-2025 15:20,-3.930667,9.609,0.1,164.8
MGO176255,01-11-2025 15:07,-2.507667,8.512167,0.3,315.7
MGO176263,01-11-2025 15:16,-5.156167,9.8185,0.3,79.8
MGO176384,01-11-2025 15:17,-3.352667,7.8075,0.2,239.3
MGO176391,01-11-2025 15:16,-4.146833,7.94,0.2,50.5
MGO176462,01-11-2025 15:04,-3.843833,8.785667,0.1,75.7
MGO176467,01-11-2025 15:10,-5.128333,10.281667,0.3,120.1
MGO176526,01-11-2025 15:17,-5.054,8.8415,0.3,42
MGO176724,01-11-2025 15:13,-3.456167,7.237833,0.2,204.6
MGO177429,01-11-2025 15:22,-3.14,8.339333,0.5,5.9
MGO179119,01-11-2025 15:47,-2.424333,9.290333,0,135
MGO133361,01-11-2025 16:13,-5.207333,9.921,0.5,93.1
MGO133384,01-11-2025 15:55,-6.473833,10.3355,0.4,192.9
MGO199106,01-11-2025 16:01,-3.268167,10.244333,0,0
MGO174216,01-11-2025 16:58,-5.398667,9.442667,0.4,65.7
MGO174809,01-11-2025 17:12,-3.377167,7.274667,0.2,221.7
MGO174812,01-11-2025 17:13,-5.116,11.034,0.1,69.5
MGO133352,01-11-2025 17:23,-1.783833,7.923167,0.5,336.1
MGO183921,01-11-2025 17:02,-6.1155,10.8355,0.2,159.3
MGO184179,01-11-2025 17:04,-3.3435,10.156667,0.4,315.6
MGO184222,01-11-2025 17:05,-3.918,10.87,0,60.2
MGO184291,01-11-2025 17:05,-2.220833,8.081333,0.8,333.2
MGO184369,01-11-2025 17:07,-5.783167,10.556,0.2,139.6
MGO184371,01-11-2025 17:46,-4.504333,9.7715,0.2,34.5
MGO176470,01-11-2025 17:39,-4.751667,8.652833,0.2,54.2
MGO196968,01-11-2025 17:08,-6.405667,10.249833,0.4,173.2
MGO199125,01-11-2025 16:57,-5.402,10.954167,0.1,136.1
MGO190082,01-11-2025 18:36,-2.496167,9.2625,0.4,303.7
MGO198882,01-11-2025 18:44,-2.755833,9.532333,0.3,311.4
MGO178982,01-11-2025 18:00,-3.076667,10.109333,0.7,298.6
MGO184199,01-11-2025 18:45,-4.5105,10.692833,0.1,291.3
MGO133427,01-11-2025 17:51,-5.407167,9.708167,0.4,74.9
MGO133435,01-11-2025 18:12,-4.614167,10.411333,0.1,49.4
MGO174828,01-11-2025 18:07,-4.749833,9.8075,0.1,321.9
MGO174815,01-11-2025 18:27,-4.626667,8.175833,0.2,49.9
MGO174816,01-11-2025 18:26,-4.066,10.401833,1,340.3
MGO174817,01-11-2025 18:41,-3.209333,10.093,0,0
MGO176595,01-11-2025 18:44,-4.561833,10.267167,0.2,61.5
MGO176608,01-11-2025 17:56,-5.756,10.817167,0.3,166.4
MGO198870,01-11-2025 19:04,-3.9395,9.671167,0.3,296.4
MGO184110,01-11-2025 19:20,-4.261667,9.602,0.1,6.4
MGO184082,01-11-2025 19:27,-4.7265,8.449,0.2,39.4
MGO184177,01-11-2025 19:25,-3.896667,10.884833,0,26.6
MGO184186,01-11-2025 18:58,-5.716667,10.784667,0.2,163.3
MGO184301,01-11-2025 19:21,-3.9295,9.6135,0.1,75.4
MGO176255,01-11-2025 19:07,-2.499667,8.514333,0.1,16.2
MGO176263,01-11-2025 19:16,-5.159333,9.828,0.2,109.4
MGO176384,01-11-2025 19:17,-3.360167,7.797667,0.2,232.6
MGO176391,01-11-2025 19:16,-4.151667,7.947833,0.1,121.7
MGO176462,01-11-2025 19:04,-3.838833,8.784,0.1,341.6
MGO176467,01-11-2025 19:10,-5.138333,10.286,0.2,156.7
MGO176526,01-11-2025 19:17,-5.042,8.864167,0.4,62
MGO176724,01-11-2025 19:12,-3.464333,7.226667,0.2,233.8
MGO177429,01-11-2025 19:22,-3.119333,8.340667,0.3,3.7
MGO178918,01-11-2025 19:10,-2.341167,9.410667,0,315
MGO179119,01-11-2025 19:47,-2.424333,9.290667,0,90
MGO199106,01-11-2025 20:02,-3.268167,10.244333,0,0
MGO133361,01-11-2025 20:13,-5.214833,9.943167,0.4,108.8
MGO133384,01-11-2025 19:54,-6.5045,10.336,0.5,179.1
MGO176470,01-11-2025 21:39,-4.740667,8.651667,0.2,354
MGO174809,01-11-2025 21:12,-3.3805,7.2695,0.1,237.1
MGO174812,01-11-2025 21:14,-5.1125,11.038167,0.1,51.2
MGO174216,01-11-2025 20:58,-5.392333,9.456333,0.2,65
MGO183921,01-11-2025 21:02,-6.129333,10.835333,0.2,180.7
MGO184179,01-11-2025 21:04,-3.327667,10.1455,0.3,324.9
MGO184222,01-11-2025 21:07,-3.918167,10.868667,0,262.9
MGO184291,01-11-2025 21:05,-2.172667,8.071333,0.7,348.3
MGO184369,01-11-2025 21:07,-5.7975,10.559833,0.2,165.1
MGO184371,01-11-2025 21:46,-4.5005,9.771167,0.1,354.8
MGO196968,01-11-2025 21:07,-6.438,10.246,0.5,186.7
MGO199125,01-11-2025 20:57,-5.407667,10.966167,0.2,115.4
MGO133427,01-11-2025 21:51,-5.399,9.733,0.4,71.7
MGO133435,01-11-2025 22:11,-4.6075,10.413333,0.1,16.6
MGO190082,01-11-2025 22:36,-2.469167,9.240333,0.5,320.6
MGO198882,01-11-2025 22:45,-2.738333,9.521667,0.3,328.7
MGO174828,01-11-2025 22:06,-4.743667,9.8025,0.1,321.1
MGO174815,01-11-2025 22:27,-4.628667,8.177167,0,146.4
MGO174816,01-11-2025 22:26,-3.997333,10.382833,1.1,344.6
MGO174817,01-11-2025 22:41,-3.2095,10.093,0,180
MGO176595,01-11-2025 22:44,-4.559,10.266833,0,353.3
MGO176608,01-11-2025 21:56,-5.7805,10.822167,0.4,168.5
MGO178982,01-11-2025 22:00,-3.045333,10.074,0.7,311.5
MGO184199,01-11-2025 22:44,-4.497667,10.699667,0.2,28
MGO176255,01-11-2025 23:07,-2.4945,8.5035,0.2,294.8
MGO176263,01-11-2025 23:16,-5.156833,9.838333,0.2,76.3
MGO176384,01-11-2025 23:17,-3.373333,7.780667,0.3,232.2
MGO176391,01-11-2025 23:16,-4.148833,7.9555,0.1,69.7
MGO176462,01-11-2025 23:04,-3.834,8.786333,0.1,25.7
MGO176467,01-11-2025 23:10,-5.1475,10.293333,0.2,141.5
MGO176526,01-11-2025 23:18,-5.034,8.865333,0.1,8.3
MGO176724,01-11-2025 23:12,-3.47,7.215167,0.2,243.7
MGO177429,01-11-2025 23:22,-3.092833,8.336333,0.4,351.1
MGO178918,01-11-2025 23:05,-2.341667,9.411,0,146.3
MGO184110,01-11-2025 23:20,-4.258167,9.5985,0.1,316.5
MGO184082,01-11-2025 23:27,-4.719667,8.456167,0.1,46.3
MGO184177,01-11-2025 23:27,-3.896667,10.884667,0,270
MGO184186,01-11-2025 22:58,-5.726333,10.7995,0.3,123.2
MGO184301,01-11-2025 23:20,-3.9245,9.6165,0.1,30.9
MGO198870,01-11-2025 23:04,-3.925167,9.649167,0.4,303.1
MGO199106,02-11-2025 00:01,-3.268333,10.244333,0,180
MGO133361,02-11-2025 00:13,-5.213167,9.954833,0.2,82.6
MGO133384,01-11-2025 23:54,-6.538,10.333333,0.5,184.5
MGO176470,02-11-2025 01:39,-4.737333,8.652667,0.1,16.6
MGO174809,02-11-2025 01:13,-3.381167,7.263,0.1,264.1
MGO174812,02-11-2025 01:17,-5.112167,11.038833,0,63.3
MGO174216,02-11-2025 00:58,-5.380333,9.471,0.3,50.9
MGO183921,02-11-2025 01:02,-6.133333,10.837,0.1,157.5
MGO184179,02-11-2025 01:04,-3.306833,10.126833,0.4,318.4
MGO184222,02-11-2025 01:07,-3.918667,10.868667,0,180
MGO184291,02-11-2025 01:05,-2.114,8.059,0.9,348.1
MGO184369,02-11-2025 01:06,-5.815833,10.561667,0.3,174.3
MGO184371,02-11-2025 01:46,-4.495333,9.764333,0.1,307.2
MGO196968,02-11-2025 01:07,-6.473333,10.245167,0.5,181.3
MGO199125,02-11-2025 00:57,-5.4055,10.965333,0,339
MGO174828,02-11-2025 02:06,-4.735167,9.801833,0.1,355.4
MGO174815,02-11-2025 02:27,-4.631,8.182167,0.1,116.6
MGO174816,02-11-2025 02:26,-3.911667,10.353667,1.4,341.2
MGO174817,02-11-2025 02:42,-3.2095,10.092833,0,270
MGO176595,02-11-2025 02:44,-4.554333,10.266,0.1,349.6
MGO176608,02-11-2025 01:58,-5.796833,10.828,0.3,160.4
MGO178982,02-11-2025 02:01,-3.012833,10.033833,0.8,309
MGO184199,02-11-2025 02:45,-4.477167,10.7075,0.3,20.9
MGO133427,02-11-2025 01:51,-5.394667,9.75,0.3,75.6
MGO133435,02-11-2025 02:11,-4.604667,10.396333,0.3,279.5
MGO190082,02-11-2025 02:36,-2.424,9.218167,0.8,334
MGO198882,02-11-2025 02:44,-2.7255,9.510667,0.3,319.4
MGO176255,02-11-2025 03:08,-2.490333,8.487333,0.2,284.5
MGO176263,02-11-2025 03:16,-5.153333,9.851833,0.2,75.4
MGO176384,02-11-2025 03:19,-3.3875,7.771667,0.3,212.4
MGO176391,02-11-2025 03:18,-4.144667,7.959667,0.1,44.9
MGO176462,02-11-2025 03:04,-3.821,8.795667,0.2,35.6
MGO176467,02-11-2025 03:10,-5.158833,10.2975,0.2,159.9
MGO176526,02-11-2025 03:18,-5.0225,8.870167,0.2,22.7
MGO176724,02-11-2025 03:12,-3.479,7.201833,0.2,235.9
MGO177429,02-11-2025 03:22,-3.0585,8.332667,0.5,353.9
MGO178918,02-11-2025 03:06,-2.341667,9.411,0,0
MGO179119,02-11-2025 03:46,-2.424167,9.290833,0,45
MGO184110,02-11-2025 03:19,-4.2475,9.6045,0.2,29.3
MGO184082,02-11-2025 03:27,-4.717833,8.45,0.1,286.6
MGO184177,02-11-2025 03:25,-3.896833,10.884833,0,135
MGO184186,02-11-2025 02:58,-5.732167,10.809,0.2,121.7
MGO184301,02-11-2025 03:20,-3.923167,9.607833,0.1,278.8
MGO198870,02-11-2025 03:04,-3.908667,9.616167,0.6,296.6
MGO133361,02-11-2025 04:13,-5.212333,9.965333,0.2,85.4
MGO133384,02-11-2025 03:54,-6.564,10.331667,0.4,183.3
MGO199106,02-11-2025 04:01,-3.2685,10.2445,0,135
MGO176470,02-11-2025 05:39,-4.737333,8.65,0,270
MGO174809,02-11-2025 05:12,-3.386833,7.2525,0.2,241.6
MGO174812,02-11-2025 05:13,-5.103667,11.036833,0.1,346.8
MGO174216,02-11-2025 04:58,-5.368833,9.488833,0.3,57.1
MGO183921,02-11-2025 05:02,-6.141167,10.832667,0.1,207.9
MGO184179,02-11-2025 05:04,-3.29,10.102,0.4,304.2
MGO184222,02-11-2025 05:05,-3.9185,10.869167,0,71.5
MGO184291,02-11-2025 05:05,-2.079833,8.047,0.5,340.7
MGO184369,02-11-2025 05:06,-5.826833,10.562667,0.2,174.8
MGO184371,02-11-2025 05:46,-4.488833,9.7635,0.1,352.7
MGO196968,02-11-2025 05:07,-6.5045,10.241167,0.5,187.3
MGO199125,02-11-2025 04:57,-5.403333,10.968333,0.1,54.1
MGO174828,02-11-2025 06:06,-4.730833,9.795167,0.1,303.1
MGO174815,02-11-2025 06:27,-4.632833,8.189,0.1,105.1
MGO174816,02-11-2025 06:26,-3.8345,10.297167,1.4,323.9
MGO174817,02-11-2025 06:42,-3.2095,10.092833,0,0
MGO176595,02-11-2025 06:44,-4.552833,10.260333,0.1,284.9
MGO176608,02-11-2025 05:56,-5.802333,10.824667,0.1,211.1
MGO178982,02-11-2025 06:00,-2.994,9.990167,0.7,293.4
MGO184199,02-11-2025 06:45,-4.465667,10.6955,0.2,313.9
MGO133427,02-11-2025 05:51,-5.387167,9.761667,0.2,57.1
MGO133435,02-11-2025 06:12,-4.604,10.384833,0.2,273.3
MGO190082,02-11-2025 06:36,-2.393,9.199,0.5,328.3
MGO198882,02-11-2025 06:47,-2.716667,9.4985,0.2,306
MGO176255,02-11-2025 07:07,-2.486333,8.484333,0.1,323.1
MGO176263,02-11-2025 07:16,-5.1525,9.857167,0.1,81.1
MGO176384,02-11-2025 07:17,-3.3985,7.760667,0.2,225
MGO176391,02-11-2025 07:17,-4.152833,7.960333,0.1,175.3
MGO176462,02-11-2025 07:04,-3.819333,8.792667,0.1,299.1
MGO176467,02-11-2025 07:11,-5.170833,10.2965,0.2,184.7
MGO176526,02-11-2025 07:17,-5.006833,8.881667,0.3,36.2
MGO176724,02-11-2025 07:12,-3.4865,7.190167,0.2,237.2
MGO177429,02-11-2025 07:22,-3.025667,8.338833,0.5,10.6
MGO184110,02-11-2025 07:19,-4.237167,9.6085,0.2,21.4
MGO184082,02-11-2025 07:27,-4.715333,8.444833,0.1,295.9
MGO184177,02-11-2025 07:25,-3.865833,10.859,0.6,320.3
MGO184186,02-11-2025 06:58,-5.734333,10.805667,0.1,235.5
MGO184301,02-11-2025 07:20,-3.921167,9.614,0.1,72
MGO198870,02-11-2025 07:04,-3.891167,9.592667,0.4,306.7
MGO179119,02-11-2025 07:50,-2.424,9.291,0,44.7
MGO133361,02-11-2025 08:13,-5.219833,9.971833,0.1,139.2
MGO199125,02-11-2025 08:57,-5.395833,10.970667,0.1,17.2
MGO199106,02-11-2025 08:02,-3.268167,10.244833,0,45
MGO174216,02-11-2025 08:58,-5.364667,9.498,0.2,65.5
MGO133384,02-11-2025 07:57,-6.602333,10.330833,0.6,181.2
MGO184179,02-11-2025 09:04,-3.274167,10.084,0.4,311.4
MGO179041,02-11-2025 09:04,-2.522333,9.422667,0,329.6
MGO183921,02-11-2025 09:02,-6.153833,10.8265,0.2,205.8
MGO184222,02-11-2025 09:10,-3.9185,10.869167,0,0
MGO184291,02-11-2025 09:05,-2.046833,8.029667,0.6,332.3
MGO176608,02-11-2025 09:56,-5.8165,10.817167,0.2,207.8
MGO174809,02-11-2025 09:12,-3.3945,7.25,0.1,198
MGO176470,02-11-2025 09:39,-4.735167,8.647,0.1,303.8
MGO174812,02-11-2025 09:13,-5.095,11.033333,0.1,338.1
MGO196968,02-11-2025 09:07,-6.542,10.233,0.6,192.2
MGO184371,02-11-2025 09:46,-4.49,9.7575,0.1,259
MGO184369,02-11-2025 09:07,-5.836833,10.561,0.2,189.4
MGO133435,02-11-2025 10:11,-4.607833,10.371333,0.2,254.1
MGO184199,02-11-2025 10:45,-4.446667,10.688667,0.3,340.7
MGO174815,02-11-2025 10:27,-4.638167,8.186167,0.1,207.9
MGO174816,02-11-2025 10:26,-3.754333,10.246833,1.4,327.9
MGO174828,02-11-2025 10:06,-4.718333,9.789333,0.2,335.7
MGO174817,02-11-2025 10:43,-3.2095,10.093,0,90
MGO176595,02-11-2025 10:45,-4.557167,10.247,0.2,251.9
MGO178982,02-11-2025 10:00,-2.964667,9.944833,0.8,302.9
MGO190082,02-11-2025 10:36,-2.369333,9.177167,0.5,317.5
MGO184186,02-11-2025 10:58,-5.738333,10.800333,0.1,233
MGO198882,02-11-2025 10:43,-2.704333,9.492,0.2,332.2
MGO176255,02-11-2025 11:09,-2.485667,8.4755,0.1,274.3
MGO176263,02-11-2025 11:16,-5.153333,9.855333,0,245.5
MGO176526,02-11-2025 11:17,-5.001667,8.876333,0.1,314.2
MGO176391,02-11-2025 11:19,-4.16,7.968333,0.2,131.9
MGO176462,02-11-2025 11:04,-3.823333,8.799,0.1,122.3
MGO179119,02-11-2025 11:46,-2.424333,9.290333,0,243.4
MGO176724,02-11-2025 11:13,-3.4935,7.179667,0.2,236.3
MGO177429,02-11-2025 11:22,-2.982167,8.330167,0.7,348.7
MGO176384,02-11-2025 11:18,-3.4085,7.742833,0.3,240.7
MGO176467,02-11-2025 11:10,-5.178667,10.298167,0.1,168
MGO198870,02-11-2025 11:04,-3.877833,9.5635,0.5,294.6
MGO184301,02-11-2025 11:21,-3.915667,9.619167,0.1,43.1
MGO184082,02-11-2025 11:28,-4.7175,8.445333,0,167
MGO184177,02-11-2025 11:25,-3.81,10.825333,1,329
MGO184110,02-11-2025 11:20,-4.239833,9.6055,0.1,228.3
MGO174216,02-11-2025 12:58,-5.3605,9.505167,0.1,59.7
MGO199125,02-11-2025 12:57,-5.376667,10.958667,0.3,328.1
MGO199106,02-11-2025 12:01,-3.268167,10.244333,0,270
MGO133361,02-11-2025 12:13,-5.224667,9.965333,0.1,233.3
MGO133384,02-11-2025 11:54,-6.636167,10.329667,0.5,182
MGO184179,02-11-2025 13:04,-3.254167,10.063333,0.4,314.1
MGO179041,02-11-2025 13:05,-2.501167,9.408833,0.4,326.9
MGO183921,02-11-2025 13:03,-6.168167,10.813833,0.3,221.3
MGO184222,02-11-2025 13:07,-3.918167,10.868667,0,303.8
MGO184291,02-11-2025 13:05,-2.026333,8.0075,0.5,312.8
MGO176608,02-11-2025 13:56,-5.841667,10.8085,0.4,198.8
MGO174809,02-11-2025 13:13,-3.399333,7.242667,0.1,236.6
MGO176470,02-11-2025 13:39,-4.736167,8.644,0,251.5
MGO174812,02-11-2025 13:21,-5.085333,11.021,0.2,308.2
MGO196968,02-11-2025 13:07,-6.573333,10.2215,0.5,200
MGO184371,02-11-2025 13:46,-4.484,9.746,0.2,298
MGO184369,02-11-2025 13:07,-5.853333,10.551667,0.3,209.4
MGO184186,02-11-2025 14:58,-5.741833,10.789,0.2,252.8
MGO198882,02-11-2025 14:45,-2.694167,9.485,0.2,325.5
MGO184199,02-11-2025 14:44,-4.4215,10.681667,0.4,344.8
MGO176595,02-11-2025 14:44,-4.559,10.238667,0.1,256.5
MGO178982,02-11-2025 14:00,-2.93,9.896667,0.9,305.8
MGO190082,02-11-2025 14:36,-2.332333,9.161333,0.6,336.8
MGO174815,02-11-2025 14:27,-4.643167,8.189667,0.1,145.1
MGO174816,02-11-2025 14:26,-3.652833,10.197167,1.7,334
MGO174828,02-11-2025 14:06,-4.7075,9.7765,0.3,310.3
MGO174817,02-11-2025 14:42,-3.2095,10.092833,0,270
MGO133435,02-11-2025 14:12,-4.613833,10.3435,0.4,257.8
MGO176255,02-11-2025 15:07,-2.491333,8.462167,0.2,247
MGO176263,02-11-2025 15:16,-5.159667,9.860167,0.1,142.8
MGO176526,02-11-2025 15:17,-5.003167,8.870167,0.1,256.3
MGO176391,02-11-2025 15:16,-4.162167,7.973,0.1,115
MGO177429,02-11-2025 15:22,-2.935167,8.311333,0.8,338.2
MGO176384,02-11-2025 15:17,-3.4245,7.728333,0.3,222.1
MGO176462,02-11-2025 15:04,-3.825,8.802667,0.1,114.5
MGO179119,02-11-2025 15:50,-2.424167,9.290667,0,63.4
MGO176724,02-11-2025 15:12,-3.507667,7.170333,0.3,213.3
MGO176467,02-11-2025 15:10,-5.187667,10.299667,0.1,170.6
MGO198870,02-11-2025 15:04,-3.870167,9.525667,0.6,281.5
MGO184301,02-11-2025 15:20,-3.925167,9.611667,0.2,218.2
MGO184082,02-11-2025 15:27,-4.719167,8.437333,0.1,258.2
MGO184177,02-11-2025 15:25,-3.761,10.782,1,318.6
MGO184110,02-11-2025 15:19,-4.241,9.599833,0.1,258.3
MGO199125,02-11-2025 16:57,-5.364,10.946167,0.3,315.9
MGO199106,02-11-2025 16:01,-3.268167,10.244333,0,0
MGO133361,02-11-2025 16:13,-5.234333,9.957167,0.2,220.1
MGO133384,02-11-2025 15:54,-6.665667,10.327333,0.4,184.5
MGO174216,02-11-2025 16:58,-5.357,9.5085,0.1,43.5
MGO184179,02-11-2025 17:04,-3.233833,10.039333,0.5,310.3
MGO196968,02-11-2025 17:07,-6.607333,10.2135,0.5,192.9
MGO184371,02-11-2025 17:46,-4.474167,9.739,0.2,325.3
MGO184369,02-11-2025 17:07,-5.874833,10.540833,0.4,206.6
MGO174812,02-11-2025 17:13,-5.068833,11.010333,0.3,327.2
MGO176608,02-11-2025 17:56,-5.8645,10.801,0.4,198.1
MGO174809,02-11-2025 17:12,-3.414,7.229333,0.3,222.2
MGO183921,02-11-2025 17:02,-6.184,10.8015,0.3,217.8
MGO184222,02-11-2025 17:05,-3.917833,10.870333,0,78.7
MGO184291,02-11-2025 17:05,-2.009,7.9725,0.6,296.4
MGO176470,02-11-2025 17:40,-4.736667,8.636833,0.1,266
MGO179041,02-11-2025 17:07,-2.495167,9.401333,0.1,308.7
MGO184199,02-11-2025 18:45,-4.412333,10.650333,0.5,286.4
MGO176595,02-11-2025 18:44,-4.556333,10.2315,0.1,290.5
MGO174815,02-11-2025 18:27,-4.652,8.196333,0.2,143.1
MGO174816,02-11-2025 18:26,-3.564667,10.154167,1.5,334
MGO174828,02-11-2025 18:06,-4.702833,9.7635,0.2,289.8
MGO174817,02-11-2025 18:41,-3.209333,10.093,0,45
MGO133435,02-11-2025 18:12,-4.613,10.3285,0.2,273.2
MGO184186,02-11-2025 18:58,-5.750833,10.772667,0.3,241
MGO198882,02-11-2025 18:47,-2.688833,9.4725,0.2,293.1
MGO178982,02-11-2025 18:01,-2.908167,9.851,0.8,295.6
MGO190082,02-11-2025 18:36,-2.309833,9.134167,0.5,309.7
MGO177429,02-11-2025 19:22,-2.8905,8.295167,0.7,340.1
MGO184301,02-11-2025 19:20,-3.938167,9.6085,0.2,193.7
MGO178918,02-11-2025 19:06,-2.341,9.411,0,0
MGO184082,02-11-2025 19:27,-4.725833,8.431,0.1,223.4
MGO184177,02-11-2025 19:25,-3.7255,10.7365,0.9,308
MGO184110,02-11-2025 19:19,-4.243333,9.592167,0.1,253
MGO176462,02-11-2025 19:04,-3.833333,8.7935,0.2,227.7
MGO179119,02-11-2025 19:46,-2.424,9.290667,0,0
MGO176724,02-11-2025 19:12,-3.517,7.162,0.2,221.7
MGO176255,02-11-2025 19:07,-2.502667,8.449667,0.3,227.8
MGO176263,02-11-2025 19:16,-5.171167,9.865167,0.2,156.6
MGO176526,02-11-2025 19:17,-5.001333,8.877833,0.1,76.5
MGO176391,02-11-2025 19:17,-4.174167,7.9765,0.2,163.8
MGO176384,02-11-2025 19:17,-3.443333,7.719,0.3,206.3
MGO176467,02-11-2025 19:10,-5.205333,10.295333,0.3,193.7
MGO198870,02-11-2025 19:05,-3.876167,9.489667,0.5,260.5
MGO174216,02-11-2025 20:59,-5.36,9.519,0.2,106
MGO199125,02-11-2025 20:57,-5.353667,10.939833,0.2,328.6
MGO199106,02-11-2025 20:01,-3.268167,10.244333,0,0
MGO133361,02-11-2025 20:13,-5.254667,9.963833,0.3,161.9
MGO184179,02-11-2025 21:04,-3.217667,10.025,0.3,318.5
MGO179041,02-11-2025 21:04,-2.487667,9.394667,0.2,318.4
MGO183921,02-11-2025 21:02,-6.206667,10.785667,0.4,214.8
MGO184222,02-11-2025 21:09,-3.918667,10.868667,0,243.4
MGO184291,02-11-2025 21:05,-2.0005,7.944333,0.4,286.8
MGO176608,02-11-2025 21:57,-5.8885,10.796333,0.4,190.9
MGO174809,02-11-2025 21:12,-3.431,7.225333,0.3,193.2
MGO176470,02-11-2025 21:39,-4.7415,8.628167,0.1,240.8
MGO174812,02-11-2025 21:16,-5.052833,11.005667,0.2,343.6
MGO196968,02-11-2025 21:07,-6.648833,10.210833,0.6,183.7
MGO184371,02-11-2025 21:46,-4.478,9.726167,0.2,253.1
MGO184369,02-11-2025 21:07,-5.897167,10.531833,0.4,201.8
MGO133435,02-11-2025 22:11,-4.609833,10.310667,0.3,280.1
MGO184199,02-11-2025 22:45,-4.394333,10.6295,0.4,310.9
MGO174815,02-11-2025 22:27,-4.660333,8.203,0.2,140.7
MGO174816,02-11-2025 22:26,-3.471667,10.124833,1.5,342.5
MGO174828,02-11-2025 22:06,-4.7005,9.744667,0.3,277.1
MGO174817,02-11-2025 22:42,-3.209333,10.093,0,0
MGO176595,02-11-2025 22:45,-4.557,10.217833,0.2,267.2
MGO184186,02-11-2025 22:58,-5.7685,10.762167,0.3,210.6
MGO198882,02-11-2025 22:51,-2.677333,9.464333,0.2,324.6
MGO178982,02-11-2025 22:00,-2.8735,9.8105,0.8,310.6
MGO190082,02-11-2025 22:36,-2.3015,9.112667,0.3,291.2
MGO176255,02-11-2025 23:07,-2.5135,8.432167,0.3,237.8
MGO176263,02-11-2025 23:16,-5.1845,9.864333,0.2,183.5
MGO176526,02-11-2025 23:17,-5.007167,8.867,0.2,241.6
MGO176391,02-11-2025 23:17,-4.187167,7.983833,0.2,150.6
MGO176384,02-11-2025 23:17,-3.460667,7.7005,0.4,226.8
MGO177429,02-11-2025 23:22,-2.858167,8.277667,0.6,331.6
MGO176462,02-11-2025 23:06,-3.848,8.775333,0.3,230.8
MGO179119,02-11-2025 23:47,-2.424333,9.290333,0,225
MGO176724,02-11-2025 23:13,-3.5295,7.154,0.2,212.6
MGO176467,02-11-2025 23:11,-5.221833,10.2915,0.3,193
MGO198870,02-11-2025 23:04,-3.8815,9.451667,0.6,262
MGO184301,02-11-2025 23:21,-3.940833,9.617333,0.1,106.8
MGO178918,02-11-2025 23:08,-2.341667,9.411333,0,153.4
MGO184082,02-11-2025 23:27,-4.731667,8.436667,0.1,136.7
MGO184177,02-11-2025 23:25,-3.678833,10.705167,0.8,326.2
MGO184110,02-11-2025 23:20,-4.261667,9.577333,0.4,218.9
MGO184179,03-11-2025 01:04,-3.199333,10.012,0.3,324.7
MGO199125,03-11-2025 01:02,-5.336,10.925833,0.3,321.7
MGO179041,03-11-2025 01:03,-2.4705,9.376167,0.4,312.6
MGO183921,03-11-2025 01:02,-6.2225,10.776333,0.3,210.4
MGO184222,03-11-2025 01:12,-3.918333,10.868833,0,26.6
MGO184291,03-11-2025 01:05,-1.9905,7.917167,0.4,290.2
MGO174216,03-11-2025 00:59,-5.367167,9.520167,0.1,169.5
MGO176608,03-11-2025 01:56,-5.912333,10.7955,0.4,182
MGO174809,03-11-2025 01:12,-3.446,7.225333,0.2,180
MGO176470,03-11-2025 01:41,-4.755333,8.626,0.2,188.9
MGO174812,03-11-2025 01:15,-5.042,10.989833,0.3,304.5
MGO196968,03-11-2025 01:07,-6.695667,10.203,0.7,189.4
MGO184371,03-11-2025 01:46,-4.481,9.712667,0.2,257.4
MGO184369,03-11-2025 01:07,-5.917167,10.521333,0.3,207.4
MGO199106,03-11-2025 00:01,-3.268167,10.2445,0,90
MGO133361,03-11-2025 00:13,-5.2705,9.957167,0.3,202.5
MGO184186,03-11-2025 02:58,-5.7835,10.744333,0.3,229.8
MGO198882,03-11-2025 02:49,-2.666833,9.453667,0.2,314.6
MGO184199,03-11-2025 02:45,-4.365333,10.6155,0.5,334.3
MGO176595,03-11-2025 02:45,-4.560333,10.211167,0.1,242.8
MGO178982,03-11-2025 02:00,-2.833,9.770333,0.9,315.3
MGO190082,03-11-2025 02:36,-2.278,9.096667,0.4,325.8
MGO174815,03-11-2025 02:27,-4.664833,8.210333,0.1,121.6
MGO174816,03-11-2025 02:27,-3.374833,10.086,1.6,338.2
MGO174828,03-11-2025 02:06,-4.695333,9.732,0.2,292.3
MGO174817,03-11-2025 02:41,-3.2095,10.092833,0,225
MGO133435,03-11-2025 02:11,-4.607833,10.283667,0.4,274.3
MGO176255,03-11-2025 03:07,-2.535167,8.408333,0.5,227.5
MGO176263,03-11-2025 03:16,-5.1995,9.864333,0.2,180
MGO176526,03-11-2025 03:17,-5.02,8.858,0.2,214.9
MGO176391,03-11-2025 03:16,-4.190667,7.993,0.1,110.9
MGO176384,03-11-2025 03:17,-3.484167,7.687,0.4,209.8
MGO177429,03-11-2025 03:22,-2.829,8.255667,0.5,323
MGO176462,03-11-2025 03:04,-3.853167,8.767167,0.1,237.6
MGO179119,03-11-2025 03:46,-2.424333,9.2905,0,90
MGO176467,03-11-2025 03:10,-5.238167,10.288,0.3,192
MGO184301,03-11-2025 03:20,-3.950833,9.601833,0.3,237.1
MGO198870,03-11-2025 03:05,-3.892667,9.423,0.5,248.6
MGO199103,03-11-2025 03:55,-1.555333,8.712333,0.5,173.9
MGO178918,03-11-2025 03:09,-2.3415,9.411333,0,0
MGO184082,03-11-2025 03:27,-4.739167,8.431833,0.1,212.7
MGO184177,03-11-2025 03:25,-3.639333,10.669833,0.8,318.2
MGO184110,03-11-2025 03:19,-4.276833,9.565833,0.3,217.1
MGO199125,03-11-2025 04:59,-5.328667,10.912167,0.2,298.3
MGO199106,03-11-2025 04:03,-3.268333,10.244667,0,135
MGO133361,03-11-2025 04:13,-5.291833,9.946667,0.4,206.1
MGO174216,03-11-2025 04:58,-5.370833,9.525667,0.1,123.8
MGO184179,03-11-2025 05:04,-3.183,9.991333,0.4,308.4
MGO179041,03-11-2025 05:04,-2.464667,9.343333,0.5,280.1
MGO176470,03-11-2025 05:39,-4.7695,8.6195,0.2,204.6
MGO176608,03-11-2025 05:56,-5.933167,10.795167,0.3,180.9
MGO174809,03-11-2025 05:12,-3.464167,7.216833,0.3,205
MGO196968,03-11-2025 05:07,-6.745833,10.194333,0.8,189.7
MGO184371,03-11-2025 05:46,-4.4805,9.7115,0,293.3
MGO184369,03-11-2025 05:06,-5.934167,10.512833,0.3,206.2
MGO184222,03-11-2025 05:08,-3.918667,10.869,0,153.4
MGO184291,03-11-2025 05:05,-2.0005,7.8725,0.7,257.4
MGO184199,03-11-2025 06:45,-4.350333,10.582667,0.5,294.6
MGO176595,03-11-2025 06:44,-4.560167,10.205833,0.1,271.8
MGO174815,03-11-2025 06:27,-4.676167,8.218,0.2,146
MGO174816,03-11-2025 06:26,-3.2835,10.0355,1.6,331.1
MGO174828,03-11-2025 06:06,-4.701833,9.7155,0.3,248.4
MGO174817,03-11-2025 06:41,-3.209333,10.093,0,45
MGO133435,03-11-2025 06:11,-4.601667,10.2705,0.2,295.2
MGO184186,03-11-2025 06:58,-5.787667,10.727667,0.3,255.9
MGO198882,03-11-2025 06:45,-2.666833,9.439333,0.2,270
MGO178982,03-11-2025 06:00,-2.804667,9.723,0.8,300.9
MGO190082,03-11-2025 06:36,-2.278833,9.067167,0.4,268
MGO176255,03-11-2025 07:07,-2.5575,8.386333,0.5,224.5
MGO176263,03-11-2025 07:16,-5.216,9.869333,0.3,163.2
MGO176526,03-11-2025 07:17,-5.032833,8.865167,0.2,150.9
MGO176391,03-11-2025 07:16,-4.205,7.999167,0.2,156.8
MGO176384,03-11-2025 07:17,-3.509167,7.676667,0.4,202.4
MGO177429,03-11-2025 07:22,-2.8175,8.237,0.3,301.7
MGO176462,03-11-2025 07:04,-3.858167,8.761,0.1,230.9
MGO179119,03-11-2025 07:46,-2.4245,9.290333,0,225
MGO176467,03-11-2025 07:10,-5.265167,10.288167,0.4,179.6
MGO184301,03-11-2025 07:20,-3.965667,9.580333,0.4,235.3
MGO198870,03-11-2025 07:04,-3.901,9.391333,0.5,255.2
MGO199103,03-11-2025 07:55,-1.5975,8.721833,0.6,167.3
MGO184082,03-11-2025 07:27,-4.755,8.426833,0.2,197.5
MGO184177,03-11-2025 07:25,-3.617333,10.627833,0.7,297.7
MGO184110,03-11-2025 07:19,-4.289667,9.559333,0.2,206.8
MGO199125,03-11-2025 08:58,-5.325333,10.8975,0.2,282.9
MGO199106,03-11-2025 08:03,-3.268,10.2445,0,333.5
MGO133361,03-11-2025 08:13,-5.3135,9.948333,0.3,175.6
MGO174216,03-11-2025 08:58,-5.376667,9.539333,0.2,113.2
MGO184179,03-11-2025 09:04,-3.163333,9.976,0.4,322.1
MGO179041,03-11-2025 09:05,-2.459667,9.321167,0.3,282.4
MGO184222,03-11-2025 09:06,-3.918667,10.8685,0,270
MGO184291,03-11-2025 09:05,-2.012,7.838667,0.5,251.2
MGO174809,03-11-2025 09:13,-3.479,7.216167,0.2,182.6
MGO176470,03-11-2025 09:39,-4.788167,8.6145,0.3,194.9
MGO174812,03-11-2025 09:16,-5.007167,10.9715,0.3,332.2
MGO196968,03-11-2025 09:07,-6.793,10.204167,0.7,168.3
MGO184371,03-11-2025 09:46,-4.4915,9.698833,0.3,228.9
MGO184369,03-11-2025 09:07,-5.953333,10.506667,0.3,197.7
MGO176608,03-11-2025 09:56,-5.947,10.797833,0.2,169.3
MGO174816,03-11-2025 10:26,-3.1975,9.987,1.5,330.6
MGO174828,03-11-2025 10:06,-4.714667,9.695667,0.4,236.4
MGO191576,03-11-2025 10:18,-1.313333,8.446667,1,161
MGO133435,03-11-2025 10:11,-4.597333,10.236,0.5,277.2
MGO133427,03-11-2025 09:50,-5.4865,9.802833,0.2,167.3
MGO176595,03-11-2025 10:46,-4.5655,10.188833,0.3,252.5
MGO174817,03-11-2025 10:42,-3.209333,10.093,0,0
MGO184186,03-11-2025 10:58,-5.785167,10.713667,0.2,280.2
MGO184199,03-11-2025 10:46,-4.33,10.555833,0.5,307.2
MGO178982,03-11-2025 10:00,-2.76,9.683667,0.9,318.7
MGO190082,03-11-2025 10:36,-2.282667,9.037167,0.5,262.7
MGO176462,03-11-2025 11:04,-3.861833,8.7515,0.2,248.9
MGO179119,03-11-2025 11:46,-2.4245,9.290333,0,0
MGO176391,03-11-2025 11:16,-4.212833,8.002,0.1,160.2
MGO176384,03-11-2025 11:17,-3.526,7.667167,0.3,209.4
MGO177429,03-11-2025 11:22,-2.788667,8.219333,0.5,328.8
MGO176255,03-11-2025 11:07,-2.578167,8.361667,0.5,230
MGO176263,03-11-2025 11:16,-5.228833,9.867333,0.2,188.8
MGO176526,03-11-2025 11:17,-5.0505,8.862667,0.3,187.9
MGO176467,03-11-2025 11:10,-5.285833,10.290167,0.3,174.5
MGO184301,03-11-2025 11:21,-3.967667,9.569333,0.2,259.5
MGO199103,03-11-2025 11:55,-1.631333,8.740833,0.6,150.7
MGO184082,03-11-2025 11:27,-4.775333,8.432167,0.3,165.3
MGO184177,03-11-2025 11:25,-3.580333,10.589833,0.8,314.3
MGO184110,03-11-2025 11:19,-4.308333,9.554167,0.3,195.4
MGO198870,03-11-2025 11:05,-3.902333,9.358667,0.5,267.6
MGO199106,03-11-2025 12:04,-3.268,10.2445,0,0
MGO198526,03-11-2025 12:24,-1.649167,8.09,0.8,179.8
MGO133361,03-11-2025 12:13,-5.328833,9.940333,0.3,207
MGO184179,03-11-2025 13:04,-3.163167,9.976,0,0
MGO184371,03-11-2025 13:46,-4.504667,9.697667,0.2,185
MGO184369,03-11-2025 13:07,-5.960333,10.505833,0.1,186.7
MGO174812,03-11-2025 13:14,-4.997667,10.9515,0.3,295.5
MGO174216,03-11-2025 12:59,-5.3845,9.547667,0.2,133.4
MGO176608,03-11-2025 13:56,-5.951833,10.785333,0.2,248.8
MGO174809,03-11-2025 13:12,-3.491833,7.22,0.2,163.4
MGO184222,03-11-2025 13:10,-3.918667,10.868667,0,90
MGO184291,03-11-2025 13:05,-2.007167,7.816333,0.3,282.2
MGO176470,03-11-2025 13:39,-4.804833,8.620667,0.3,159.8
MGO199125,03-11-2025 13:00,-5.312,10.878667,0.3,305.4
MGO179041,03-11-2025 13:05,-2.453833,9.3005,0.3,285.8
MGO191576,03-11-2025 14:18,-1.359667,8.461333,0.7,162.5
MGO184199,03-11-2025 14:45,-4.295167,10.539167,0.6,334.5
MGO174816,03-11-2025 14:26,-3.117333,9.9355,1.4,327.3
MGO174828,03-11-2025 14:06,-4.7185,9.688167,0.1,242.9
MGO176595,03-11-2025 14:44,-4.569667,10.186667,0.1,207.4
MGO174817,03-11-2025 14:44,-3.2095,10.092833,0,225
MGO133435,03-11-2025 14:11,-4.5885,10.207167,0.5,287.1
MGO184186,03-11-2025 14:58,-5.784667,10.699167,0.2,272
MGO178982,03-11-2025 14:00,-2.718167,9.632167,1,309.1
MGO190082,03-11-2025 14:36,-2.278833,9.006667,0.5,277.2
MGO176255,03-11-2025 15:07,-2.593167,8.3505,0.3,216.6
MGO176263,03-11-2025 15:16,-5.237167,9.866,0.1,188.9
MGO176526,03-11-2025 15:17,-5.0645,8.862333,0.2,181.3
MGO176391,03-11-2025 15:16,-4.218333,8.006333,0.1,141.8
MGO176384,03-11-2025 15:17,-3.5435,7.653833,0.3,217.3
MGO177429,03-11-2025 15:22,-2.748833,8.194833,0.7,328.4
MGO176462,03-11-2025 15:04,-3.862833,8.745333,0.1,260.8
MGO176336,03-11-2025 15:16,-4.2475,7.8115,0.3,115.2
MGO179119,03-11-2025 15:46,-2.424667,9.290667,0,116.6
MGO176467,03-11-2025 15:11,-5.294833,10.293667,0.1,158.8
MGO198870,03-11-2025 15:04,-3.892833,9.3305,0.4,288.8
MGO184301,03-11-2025 15:20,-3.968167,9.560833,0.1,266.6
MGO199103,03-11-2025 15:56,-1.659,8.743167,0.4,175.2
MGO184082,03-11-2025 15:27,-4.791333,8.434667,0.2,170.6
MGO184177,03-11-2025 15:25,-3.547667,10.550333,0.8,309.6
MGO184110,03-11-2025 15:19,-4.318833,9.5465,0.2,216.1
MGO133361,03-11-2025 16:13,-5.344333,9.936167,0.2,195
MGO198526,03-11-2025 16:24,-1.702833,8.095667,0.8,174
MGO174216,03-11-2025 16:58,-5.388167,9.553667,0.1,122.7
MGO199125,03-11-2025 16:58,-5.3035,10.8595,0.3,294
MGO199106,03-11-2025 16:02,-3.267833,10.2445,0,0
MGO184179,03-11-2025 17:04,-3.163167,9.976,0,0
MGO184371,03-11-2025 17:46,-4.511667,9.698,0.1,175.9
MGO184369,03-11-2025 17:07,-5.971667,10.5025,0.2,196.3
MGO184222,03-11-2025 17:06,-3.918833,10.869,0,116.6
MGO184291,03-11-2025 17:05,-2.002333,7.783,0.5,278
MGO176470,03-11-2025 17:39,-4.8215,8.614667,0.3,199.7
MGO179041,03-11-2025 17:05,-2.443,9.270833,0.5,289.8
MGO174812,03-11-2025 17:17,-4.985333,10.9325,0.3,303.1
MGO176608,03-11-2025 17:56,-5.959833,10.7745,0.2,233.4
MGO174809,03-11-2025 17:15,-3.5055,7.221667,0.2,173.1
MGO191576,03-11-2025 18:18,-1.416833,8.470333,0.9,171.1
MGO184199,03-11-2025 18:45,-4.2715,10.504,0.6,304
MGO198689,03-11-2025 18:06,-1.371667,8.561,0.7,172.6
MGO174816,03-11-2025 18:26,-3.046833,9.883667,1.3,323.7
MGO174828,03-11-2025 18:06,-4.727667,9.677833,0.2,228.3
MGO176595,03-11-2025 18:44,-4.576667,10.1755,0.2,237.8
MGO174817,03-11-2025 18:42,-3.2095,10.092833,0,0
MGO133435,03-11-2025 18:11,-4.589667,10.180667,0.4,267.5
MGO184186,03-11-2025 18:58,-5.7795,10.6995,0.1,3.7
MGO198882,03-11-2025 18:44,-2.663833,9.414833,0.1,277
MGO178982,03-11-2025 18:00,-2.678333,9.581,1,308
MGO190082,03-11-2025 18:36,-2.276,8.9735,0.5,274.9
MGO176255,03-11-2025 19:07,-2.611,8.343167,0.3,202.3
MGO176263,03-11-2025 19:16,-5.251667,9.876833,0.3,143.3
MGO176526,03-11-2025 19:17,-5.080833,8.875,0.3,142.3
MGO176391,03-11-2025 19:16,-4.229667,8.008333,0.2,170
MGO176384,03-11-2025 19:17,-3.561167,7.648,0.3,198.2
MGO177429,03-11-2025 19:22,-2.729167,8.170667,0.5,309.2
MGO176462,03-11-2025 19:04,-3.864167,8.7355,0.1,262.3
MGO176336,03-11-2025 19:16,-4.2575,7.828167,0.3,121
MGO179119,03-11-2025 19:46,-2.424333,9.291,0,44.8
MGO184301,03-11-2025 19:21,-3.9745,9.5465,0.2,246.1
MGO176467,03-11-2025 19:10,-5.314167,10.293,0.3,182
MGO198870,03-11-2025 19:04,-3.895167,9.296833,0.5,266
MGO199103,03-11-2025 19:55,-1.6895,8.755833,0.5,157.5
MGO178918,03-11-2025 19:10,-2.342167,9.411333,0,180
MGO184082,03-11-2025 19:27,-4.8025,8.439833,0.2,155.3
MGO184177,03-11-2025 19:26,-3.529167,10.5125,0.6,296.1
MGO184110,03-11-2025 19:19,-4.3255,9.549167,0.1,158.3
MGO199125,03-11-2025 20:56,-5.294167,10.847167,0.2,307.2
MGO199106,03-11-2025 20:01,-3.268167,10.244333,0,206.6
MGO198526,03-11-2025 20:25,-1.758167,8.102,0.8,173.5
MGO133361,03-11-2025 20:13,-5.3635,9.945667,0.3,153.7
MGO174216,03-11-2025 20:58,-5.395167,9.569333,0.3,114.2
MGO184179,03-11-2025 21:04,-3.163333,9.976167,0,135
MGO179041,03-11-2025 21:03,-2.441667,9.263,0.1,279.7
MGO184222,03-11-2025 21:05,-3.918667,10.868833,0,315.1
MGO184291,03-11-2025 21:05,-2.019833,7.756,0.5,237
MGO176608,03-11-2025 21:57,-5.966333,10.772333,0.1,198.3
MGO174809,03-11-2025 21:12,-3.511,7.227167,0.1,135.1
MGO176470,03-11-2025 21:39,-4.8345,8.617667,0.2,167.1
MGO198527,03-11-2025 21:58,-1.364833,8.348,0.8,167.3
MGO174812,03-11-2025 21:12,-4.976667,10.918833,0.2,302.5
MGO184371,03-11-2025 21:45,-4.5225,9.691333,0.2,211.5
MGO184369,03-11-2025 21:07,-5.986333,10.498667,0.2,194.6
MGO184199,03-11-2025 22:45,-4.258833,10.481833,0.4,299.5
MGO176595,03-11-2025 22:44,-4.59,10.161333,0.3,226.6
MGO196407,03-11-2025 22:50,-1.674167,8.071,1,165.4
MGO198689,03-11-2025 22:05,-1.418167,8.5705,0.7,168.5
MGO174816,03-11-2025 22:26,-2.9775,9.847333,1.2,332.4
MGO174828,03-11-2025 22:06,-4.733833,9.662,0.3,248.7
MGO174817,03-11-2025 22:42,-3.209333,10.093167,0,63.4
MGO191576,03-11-2025 22:17,-1.480333,8.488167,1,164.3
MGO133435,03-11-2025 22:12,-4.604667,10.142667,0.6,248.4
MGO184186,03-11-2025 22:58,-5.775667,10.689833,0.2,291.7
MGO198882,03-11-2025 22:44,-2.664833,9.4135,0,233.1
MGO178982,03-11-2025 22:00,-2.655833,9.5405,0.7,299.1
MGO190082,03-11-2025 22:36,-2.274167,8.950167,0.4,274.1
MGO176462,03-11-2025 23:04,-3.861667,8.7265,0.1,285.6
MGO176336,03-11-2025 23:16,-4.2715,7.842167,0.3,135.1
MGO179119,03-11-2025 23:46,-2.4245,9.2905,0,251.5
MGO184301,03-11-2025 23:21,-3.970333,9.535333,0.2,290.5
MGO176467,03-11-2025 23:11,-5.333,10.2955,0.3,172.5
MGO198870,03-11-2025 23:05,-3.895333,9.272,0.4,269.6
MGO176255,03-11-2025 23:08,-2.627667,8.334667,0.3,207
MGO176263,03-11-2025 23:16,-5.265833,9.880333,0.2,166.3
MGO176526,03-11-2025 23:17,-5.094167,8.878167,0.2,166.7
MGO176391,03-11-2025 23:16,-4.235667,8.015667,0.1,128.7
MGO176384,03-11-2025 23:17,-3.5765,7.646,0.2,187.4
MGO177429,03-11-2025 23:22,-2.729,8.147,0.4,270.4
MGO199103,03-11-2025 23:55,-1.704167,8.7815,0.4,119.8
MGO184082,03-11-2025 23:27,-4.819833,8.455667,0.4,137.7
MGO184177,03-11-2025 23:24,-3.5,10.4845,0.6,316.2
MGO184110,03-11-2025 23:19,-4.332,9.556833,0.2,130.4
MGO199125,04-11-2025 00:57,-5.278167,10.838333,0.3,331.2
MGO199106,04-11-2025 00:01,-3.268,10.2445,0,45
MGO198526,04-11-2025 00:24,-1.811167,8.110833,0.8,170.5
MGO133361,04-11-2025 00:13,-5.388833,9.949,0.4,172.5
MGO174216,04-11-2025 00:58,-5.404833,9.584833,0.3,122.1
MGO184179,04-11-2025 01:05,-3.1635,9.976,0,225
MGO179041,04-11-2025 01:04,-2.455,9.2515,0.3,220.8
MGO184222,04-11-2025 01:05,-3.918167,10.8695,0,53.1
MGO184291,04-11-2025 01:05,-2.035667,7.738833,0.4,227.3
MGO176608,04-11-2025 01:56,-5.970833,10.7625,0.2,245.3
MGO174809,04-11-2025 01:13,-3.5275,7.239167,0.3,144
MGO176470,04-11-2025 01:39,-4.848667,8.631,0.3,136.8
MGO198527,04-11-2025 01:58,-1.408833,8.353333,0.7,173.1
MGO174812,04-11-2025 01:15,-4.975333,10.906833,0.2,276.4
MGO184371,04-11-2025 01:46,-4.531333,9.695667,0.1,153.1
MGO184369,04-11-2025 01:06,-5.9915,10.502667,0.1,143.3
MGO183926,04-11-2025 02:36,-1.384,8.3555,0.6,164.4
MGO184186,04-11-2025 02:58,-5.77,10.689833,0.1,0
MGO198882,04-11-2025 02:51,-2.6655,9.413167,0,206.6
MGO178982,04-11-2025 02:00,-2.634,9.502833,0.7,300.1
MGO190082,04-11-2025 02:36,-2.281333,8.929833,0.3,250.6
MGO184199,04-11-2025 02:45,-4.233667,10.472167,0.4,339.2
MGO176595,04-11-2025 02:45,-4.5955,10.167333,0.1,132.6
MGO191576,04-11-2025 02:18,-1.539667,8.516667,1,154.2
MGO196407,04-11-2025 02:50,-1.733,8.085833,0.9,165.9
MGO198689,04-11-2025 02:05,-1.454667,8.587667,0.6,154.8
MGO174816,04-11-2025 02:26,-2.924167,9.8005,1.1,318.8
MGO174828,04-11-2025 02:06,-4.730833,9.667333,0.1,60.6
MGO174817,04-11-2025 02:41,-3.2095,10.092833,0,243.4
MGO133435,04-11-2025 02:11,-4.602333,10.129667,0.2,280.2
MGO176462,04-11-2025 03:04,-3.855,8.725,0.1,347.4
MGO176336,04-11-2025 03:16,-4.279,7.86,0.3,112.9
MGO179119,04-11-2025 03:46,-2.424667,9.290667,0,135
MGO184301,04-11-2025 03:21,-3.963,9.538833,0.1,25.5
MGO176467,04-11-2025 03:10,-5.333167,10.299333,0.1,92.5
MGO198870,04-11-2025 03:04,-3.889,9.244667,0.4,283.1
MGO176255,04-11-2025 03:07,-2.6475,8.325833,0.3,204
MGO176263,04-11-2025 03:16,-5.281333,9.889667,0.3,149.1
MGO176526,04-11-2025 03:17,-5.107,8.888833,0.3,139.9
MGO176391,04-11-2025 03:17,-4.241833,8.027667,0.2,117.9
MGO176384,04-11-2025 03:19,-3.593333,7.6455,0.3,181.7
MGO177429,04-11-2025 03:22,-2.728,8.134,0.2,273.7
MGO199103,04-11-2025 03:56,-1.715,8.800333,0.3,119.9
MGO178918,04-11-2025 03:19,-2.341667,9.411,0,326.3
MGO184082,04-11-2025 03:27,-4.834333,8.460833,0.2,160.5
MGO184177,04-11-2025 03:25,-3.468167,10.4565,0.6,318.7
MGO184110,04-11-2025 03:19,-4.337,9.558167,0.1,165.1
MGO133361,04-11-2025 04:13,-5.415,9.954,0.4,169.2
MGO198526,04-11-2025 04:24,-1.866833,8.1265,0.9,164.3
MGO199125,04-11-2025 04:57,-5.271,10.8275,0.2,303.6
MGO199106,04-11-2025 04:01,-3.268167,10.244333,0,225
MGO174216,04-11-2025 04:58,-5.411,9.595333,0.2,120.5
MGO184179,04-11-2025 05:04,-3.163333,9.976333,0,63.5
MGO176608,04-11-2025 05:56,-5.9745,10.762,0.1,187.7
MGO174809,04-11-2025 05:13,-3.544667,7.254833,0.3,137.7
MGO184291,04-11-2025 05:05,-2.052333,7.7165,0.4,233.2
MGO174812,04-11-2025 05:14,-4.964,10.893167,0.3,309.4
MGO176470,04-11-2025 05:39,-4.856333,8.634,0.1,159.1
MGO198527,04-11-2025 05:58,-1.456667,8.358167,0.7,174.2
MGO179041,04-11-2025 05:04,-2.477,9.246167,0.3,193.6
MGO184371,04-11-2025 05:46,-4.533833,9.6995,0.1,123.2
MGO184369,04-11-2025 05:07,-5.995,10.496667,0.1,238.4
MGO183926,04-11-2025 06:36,-1.4315,8.368833,0.7,164.4
MGO184186,04-11-2025 06:58,-5.757167,10.688333,0.2,353.4
MGO198882,04-11-2025 06:43,-2.6775,9.409167,0.2,198.4
MGO178982,04-11-2025 06:00,-2.633,9.4635,0.6,271.5
MGO190082,04-11-2025 06:36,-2.281667,8.904833,0.4,269.2
MGO196407,04-11-2025 06:50,-1.789,8.107,0.9,159.3
MGO198689,04-11-2025 06:05,-1.493,8.601667,0.6,159.9
MGO191576,04-11-2025 06:18,-1.597,8.5225,0.9,174.2
MGO184199,04-11-2025 06:45,-4.219333,10.443167,0.5,296.4
MGO176595,04-11-2025 06:47,-4.587833,10.172333,0.1,33
MGO174817,04-11-2025 06:43,-3.2095,10.092833,0,0
MGO174815,04-11-2025 06:27,-4.728833,8.263,0.2,74
MGO174816,04-11-2025 06:27,-2.8895,9.750667,0.9,304.9
MGO174828,04-11-2025 06:06,-4.727333,9.6635,0.1,312.5
MGO133435,04-11-2025 06:11,-4.593667,10.112333,0.3,296.6
MGO176255,04-11-2025 07:07,-2.6595,8.322333,0.2,195.5
MGO176263,04-11-2025 07:16,-5.2955,9.907167,0.3,129.1
MGO176526,04-11-2025 07:17,-5.122,8.9075,0.4,128.9
MGO176391,04-11-2025 07:16,-4.2495,8.035167,0.2,135.7
MGO176384,04-11-2025 07:17,-3.617333,7.647333,0.4,175.6
MGO176349,04-11-2025 07:11,-2.526333,9.527,0,331.4
MGO177429,04-11-2025 07:23,-2.73,8.116833,0.3,263.3
MGO176462,04-11-2025 07:04,-3.860167,8.720333,0.1,222
MGO176336,04-11-2025 07:16,-4.283167,7.877667,0.3,103.3
MGO179119,04-11-2025 07:47,-2.425,9.291,0,135.1
MGO184301,04-11-2025 07:21,-3.962333,9.529333,0.1,274
MGO176467,04-11-2025 07:11,-5.340167,10.298833,0.1,184.1
MGO198870,04-11-2025 07:04,-3.8925,9.218167,0.4,262.4
MGO199103,04-11-2025 07:55,-1.736,8.8065,0.3,163.6
MGO178918,04-11-2025 07:07,-2.3415,9.411167,0,45.1
MGO184082,04-11-2025 07:27,-4.848833,8.469,0.2,150.7
MGO184177,04-11-2025 07:24,-3.4515,10.427333,0.5,299.8
MGO184110,04-11-2025 07:19,-4.337333,9.5475,0.2,268.2
MGO198526,04-11-2025 08:24,-1.921333,8.143,0.9,163.2
MGO199106,04-11-2025 08:01,-3.268167,10.244333,0,0
MGO133361,04-11-2025 08:13,-5.432833,9.972167,0.4,134.6
MGO174216,04-11-2025 08:58,-5.421,9.6175,0.4,114.4
MGO174809,04-11-2025 09:13,-3.558333,7.263167,0.2,148.7
MGO174812,04-11-2025 09:13,-4.944667,10.8905,0.3,352.2
MGO176470,04-11-2025 09:39,-4.872,8.632833,0.2,184.2
MGO184179,04-11-2025 09:04,-3.163333,9.976,0,270
MGO184222,04-11-2025 09:09,-3.918833,10.8685,0,236.3
MGO184291,04-11-2025 09:05,-2.072167,7.707333,0.3,204.8
MGO184369,04-11-2025 09:06,-6.005333,10.484333,0.2,229.9
MGO184371,04-11-2025 09:45,-4.5385,9.696,0.1,216.8
MGO199125,04-11-2025 09:00,-5.266667,10.816667,0.2,291.9
MGO179041,04-11-2025 09:05,-2.495667,9.2425,0.3,191.1
MGO183926,04-11-2025 10:36,-1.48,8.3905,0.8,155.9
MGO184199,04-11-2025 10:45,-4.214333,10.420667,0.3,282.6
MGO190082,04-11-2025 10:36,-2.2825,8.885833,0.3,267.5
MGO198527,04-11-2025 09:58,-1.512,8.3725,0.9,165.5
MGO198689,04-11-2025 10:05,-1.5305,8.621333,0.6,152.3
MGO191576,04-11-2025 10:18,-1.657,8.534,0.9,169.2
MGO174828,04-11-2025 10:07,-4.723667,9.648167,0.2,283.5
MGO174815,04-11-2025 10:27,-4.736833,8.274667,0.2,124.5
MGO174816,04-11-2025 10:26,-2.842333,9.706667,1,317
MGO174817,04-11-2025 10:41,-3.209333,10.093167,0,63.4
MGO176595,04-11-2025 10:45,-4.5885,10.1685,0.1,260.1
MGO176608,04-11-2025 09:56,-5.976833,10.757833,0.1,240.6
MGO178982,04-11-2025 10:01,-2.637667,9.432667,0.5,261.4
MGO133427,04-11-2025 09:50,-5.6435,9.859667,0.6,149.3
MGO133435,04-11-2025 10:11,-4.586,10.093667,0.3,292.4
MGO176255,04-11-2025 11:08,-2.671333,8.3235,0.2,174.4
MGO176263,04-11-2025 11:16,-5.3095,9.9185,0.3,141.1
MGO176384,04-11-2025 11:17,-3.641333,7.657333,0.4,157.4
MGO176336,04-11-2025 11:16,-4.287167,7.895,0.3,103
MGO176391,04-11-2025 11:19,-4.253,8.0445,0.1,110.6
MGO176462,04-11-2025 11:04,-3.867333,8.721333,0.1,172.1
MGO176467,04-11-2025 11:10,-5.3495,10.299,0.1,179
MGO176526,04-11-2025 11:17,-5.134833,8.9175,0.2,142.2
MGO177429,04-11-2025 11:22,-2.7195,8.095333,0.4,295.7
MGO179119,04-11-2025 11:48,-2.425,9.290833,0,270
MGO184110,04-11-2025 11:20,-4.3355,9.551333,0.1,66.4
MGO184082,04-11-2025 11:27,-4.861833,8.491333,0.4,120.3
MGO184177,04-11-2025 11:25,-3.428667,10.407167,0.5,318.4
MGO184186,04-11-2025 10:58,-5.750333,10.677833,0.2,303.2
MGO184301,04-11-2025 11:20,-3.957667,9.5085,0.3,282.7
MGO196407,04-11-2025 10:50,-1.842,8.132333,0.9,154.5
MGO198870,04-11-2025 11:05,-3.898,9.201667,0.3,251.5
MGO198526,04-11-2025 12:25,-1.974,8.165,0.9,157.3
MGO199103,04-11-2025 11:55,-1.748,8.825,0.3,123
MGO199106,04-11-2025 12:01,-3.268167,10.244667,0,90
MGO133361,04-11-2025 12:13,-5.462,9.984167,0.5,157.7
SLX+481061,03-11-2025 16:26,-5.90695,7.51573,0.16,182
SLX+527056,04-11-2025 00:28,-4.6978,7.03332,0.38,139
SLX+481434,03-11-2025 14:07,-5.61513,8.8752,0.24,70
SLX+527020,04-11-2025 06:50,-2.14738,8.19758,0,0
SLX+527021,04-11-2025 02:42,-2.87227,8.22065,0.34,224
SLX+544448,04-11-2025 11:46,-3.2754,7.67102,0.23,148
SLX+544850,04-11-2025 05:35,-3.8802,8.6238,0.18,233
SLX+544934,04-11-2025 09:58,-4.46987,7.30727,0.3,133
SLX+526979,04-11-2025 01:46,-2.7531,8.5445,0.43,233
SLX+527027,04-11-2025 05:33,-2.11508,7.2501,0.74,186
SLX+527028,04-11-2025 08:23,-5.32547,10.1609,0.41,150
SLX+543436,04-11-2025 05:11,-3.60873,7.94785,0.09,149
SLX+544741,04-11-2025 01:55,-2.18838,7.86227,0.78,189
SLX+544742,04-11-2025 08:49,-4.20605,9.13107,0.14,227
SLX+514636,04-11-2025 09:49,-5.45807,8.33238,0.25,159
SLX+544211,04-11-2025 07:35,-3.82738,8.398,0.17,211
SLX+544568,04-11-2025 12:27,-1.93658,7.65118,0.76,180
SLX+544747,04-11-2025 03:06,-2.00232,8.11308,0.85,189
MGO174216,04-11-2025 12:58,-5.431333,9.641,0.4,113.8
MGO174809,04-11-2025 13:13,-3.572833,7.273333,0.3,145
MGO174812,04-11-2025 13:17,-4.931,10.881333,0.2,326.2
MGO176470,04-11-2025 13:40,-4.887667,8.644833,0.3,142.6
MGO179041,04-11-2025 13:04,-2.511667,9.2435,0.2,176.4
MGO184179,04-11-2025 13:04,-3.163333,9.976,0,0
MGO184222,04-11-2025 13:17,-3.9185,10.8685,0,0
MGO184291,04-11-2025 13:05,-2.074833,7.6935,0.2,259.1
MGO184369,04-11-2025 13:07,-6.008167,10.483333,0,199.3
MGO184371,04-11-2025 13:46,-4.537833,9.696833,0,56.2
MGO199125,04-11-2025 12:57,-5.247333,10.812833,0.3,348.8
MGO191576,04-11-2025 14:18,-1.712333,8.548833,0.9,165
MGO196407,04-11-2025 14:50,-1.902333,8.160167,1,155.2
MGO198689,04-11-2025 14:06,-1.562667,8.6375,0.5,153.3
MGO198527,04-11-2025 13:58,-1.5645,8.384667,0.8,167
MGO178982,04-11-2025 14:00,-2.637,9.415333,0.3,272.2
MGO190082,04-11-2025 14:36,-2.2725,8.8605,0.4,291.6
MGO183926,04-11-2025 14:36,-1.519667,8.409833,0.7,154
MGO184186,04-11-2025 14:58,-5.7545,10.672333,0.1,230.8
MGO176608,04-11-2025 13:56,-5.973167,10.737667,0.3,280.4
MGO174815,04-11-2025 14:28,-4.739833,8.292833,0.3,99.4
MGO174816,04-11-2025 14:26,-2.783333,9.66,1.1,321.7
MGO174828,04-11-2025 14:06,-4.712833,9.649333,0.2,6.1
MGO184199,04-11-2025 14:45,-4.199667,10.4165,0.2,344.2
MGO176595,04-11-2025 14:44,-4.581833,10.177833,0.2,54.4
MGO174817,04-11-2025 14:41,-3.2095,10.093,0,224.8
MGO133435,04-11-2025 14:12,-4.567,10.084333,0.3,333.9
MGO133427,04-11-2025 13:51,-5.665167,9.875833,0.4,143.4
SLX+527020,04-11-2025 06:50,-2.14738,8.19758,0,0
SLX+527021,04-11-2025 14:45,-2.9241,8.18183,0.32,217
SLX+544448,04-11-2025 11:46,-3.2754,7.67102,0.23,148
SLX+544850,04-11-2025 05:35,-3.8802,8.6238,0.18,233
SLX+544934,04-11-2025 09:58,-4.46987,7.30727,0.3,133
SLX+481434,04-11-2025 14:00,-5.68493,8.9848,0.33,122
SLX+526979,04-11-2025 13:24,-2.82602,8.53857,0.38,185
SLX+527027,04-11-2025 05:33,-2.11508,7.2501,0.74,186
SLX+527028,04-11-2025 08:23,-5.32547,10.1609,0.41,150
SLX+543436,04-11-2025 05:11,-3.60873,7.94785,0.09,149
SLX+544741,04-11-2025 13:54,-2.31105,7.87165,0.62,176
SLX+544742,04-11-2025 08:49,-4.20605,9.13107,0.14,227
SLX+544211,04-11-2025 07:35,-3.82738,8.398,0.17,211
SLX+544568,04-11-2025 12:27,-1.93658,7.65118,0.76,180
SLX+544747,04-11-2025 03:06,-2.00232,8.11308,0.85,189
SLX+514636,04-11-2025 09:49,-5.45807,8.33238,0.25,159
SLX+527056,04-11-2025 00:28,-4.6978,7.03332,0.38,139
SLX+481061,03-11-2025 16:26,-5.90695,7.51573,0.16,182
MGO176255,04-11-2025 15:07,-2.679167,8.313333,0.2,232.4
MGO176263,04-11-2025 15:16,-5.324333,9.928833,0.3,145.6
MGO176526,04-11-2025 15:17,-5.146167,8.926833,0.2,140.6
MGO176391,04-11-2025 15:17,-4.257333,8.057833,0.2,107.8
MGO176384,04-11-2025 15:17,-3.669167,7.666667,0.4,161.5
MGO177429,04-11-2025 15:22,-2.696167,8.082,0.4,330.3
MGO176462,04-11-2025 15:05,-3.875167,8.7215,0.1,178.8
MGO176336,04-11-2025 15:16,-4.288667,7.915333,0.3,94.2
MGO179119,04-11-2025 15:46,-2.425167,9.290667,0,225.1
MGO184301,04-11-2025 15:21,-3.953,9.493,0.2,286.8
MGO176467,04-11-2025 15:10,-5.3445,10.305,0.1,50.1
MGO198870,04-11-2025 15:06,-3.894,9.170667,0.5,277.4
MGO199103,04-11-2025 15:55,-1.756,8.8325,0.2,137.4
MGO178918,04-11-2025 15:06,-2.3415,9.411,0,270
MGO184082,04-11-2025 15:27,-4.870333,8.504167,0.2,124.1
MGO184177,04-11-2025 15:25,-3.380667,10.3785,0.8,329.3
MGO184110,04-11-2025 15:19,-4.315833,9.548,0.3,350.4
SLX+481061,04-11-2025 16:25,-5.9586,7.54197,0.14,153
SLX+527056,04-11-2025 00:28,-4.6978,7.03332,0.38,139
SLX+543436,04-11-2025 05:11,-3.60873,7.94785,0.09,149
SLX+544741,04-11-2025 13:54,-2.31105,7.87165,0.62,176
SLX+544742,04-11-2025 08:49,-4.20605,9.13107,0.14,227
SLX+526979,04-11-2025 13:24,-2.82602,8.53857,0.38,185
SLX+527027,04-11-2025 05:33,-2.11508,7.2501,0.74,186
SLX+527028,04-11-2025 08:23,-5.32547,10.1609,0.41,150
SLX+544448,04-11-2025 11:46,-3.2754,7.67102,0.23,148
SLX+544850,04-11-2025 05:35,-3.8802,8.6238,0.18,233
SLX+544934,04-11-2025 09:58,-4.46987,7.30727,0.3,133
SLX+481434,04-11-2025 14:00,-5.68493,8.9848,0.33,122
SLX+527020,04-11-2025 06:50,-2.14738,8.19758,0,0
SLX+527021,04-11-2025 14:45,-2.9241,8.18183,0.32,217
SLX+544211,04-11-2025 07:35,-3.82738,8.398,0.17,211
SLX+544568,04-11-2025 12:27,-1.93658,7.65118,0.76,180
SLX+544747,04-11-2025 15:05,-2.14352,8.11737,0.71,178
SLX+514636,04-11-2025 09:49,-5.45807,8.33238,0.25,159
MGO133361,04-11-2025 16:13,-5.493,9.990333,0.5,168.8
MGO198526,04-11-2025 16:24,-2.028167,8.178833,0.8,165.7
MGO199125,04-11-2025 16:57,-5.229,10.805167,0.3,337.4
MGO199106,04-11-2025 16:01,-3.268333,10.244333,0,243.4
MGO184179,04-11-2025 17:04,-3.163167,9.976167,0,45
MGO184371,04-11-2025 17:46,-4.532667,9.702,0.1,44.9
MGO184369,04-11-2025 17:07,-6.006833,10.476167,0.1,280.6
MGO174812,04-11-2025 17:17,-4.915333,10.866667,0.3,317
MGO174216,04-11-2025 17:00,-5.4385,9.658667,0.3,112.2
MGO174809,04-11-2025 17:13,-3.593833,7.283833,0.4,153.5
MGO184222,04-11-2025 17:11,-3.918833,10.8695,0,108.5
MGO184291,04-11-2025 17:05,-2.063833,7.691833,0.2,351.4
MGO176470,04-11-2025 17:40,-4.893667,8.658667,0.2,113.5
MGO198527,04-11-2025 17:58,-1.607167,8.409833,0.7,149.5
MGO179041,04-11-2025 17:03,-2.507167,9.246833,0.1,36.5
